<xml xmlns:v="urn:schemas-microsoft-com:vml"
 xmlns:o="urn:schemas-microsoft-com:office:office"
 xmlns:p="urn:schemas-microsoft-com:office:powerpoint">
 <o:shapelayout v:ext="edit">
  <o:idmap v:ext="edit" data="3,13"/>
 </o:shapelayout><p:colorscheme
  colors="#FFFFFF,#000000,#808080,#000000,#00CC99,#3333CC,#CCCCFF,#B2B2B2"/>
 <v:background id="_x0000_s3073" o:bwmode="white" fillcolor="white [0]">
  <v:fill color2="#33c [5]"/>
 </v:background><p:shaperange id="_x0000_m3074">
  <v:shapetype id="_x0000_m3074" style='position:absolute;left:102pt;top:24pt;
   width:570pt;height:90pt;v-text-anchor:middle' coordsize="21600,21600"
   o:master="" o:spt="1" path="m0,0l0,21600,21600,21600,21600,0xe" filled="f"
   fillcolor="#0c9 [4]" stroked="f" strokecolor="black [1]">
   <v:fill color2="white [0]" o:detectmouseclick="t"/>
   <v:stroke joinstyle="miter" o:forcedash="t"/>
   <v:shadow color="gray [2]"/>
   <v:path gradientshapeok="t" o:connecttype="rect"/>
   <o:lock v:ext="edit" grouping="t"/>
   <p:placeholder type="title"/>
  </v:shapetype></p:shaperange>
 <p:shaperange id="_x0000_m3075">
  <v:shapetype id="_x0000_m3075" style='position:absolute;left:120pt;top:156pt;
   width:546pt;height:324pt' coordsize="21600,21600" o:master="" o:spt="1"
   path="m0,0l0,21600,21600,21600,21600,0xe" filled="f" fillcolor="#0c9 [4]"
   stroked="f" strokecolor="black [1]">
   <v:fill color2="white [0]" o:detectmouseclick="t"/>
   <v:stroke joinstyle="miter" o:forcedash="t"/>
   <v:shadow color="gray [2]"/>
   <v:path gradientshapeok="t" o:connecttype="rect"/>
   <o:lock v:ext="edit" grouping="t"/>
   <p:placeholder type="body" position="1"/>
  </v:shapetype></p:shaperange>
 <p:shaperange id="_x0000_s3076">
  <v:shapetype id="_x0000_s3076" style='position:absolute;left:54pt;top:492pt;
   width:150pt;height:36pt' coordsize="21600,21600" o:master="" o:spt="1"
   path="m0,0l0,21600,21600,21600,21600,0xe" filled="f" fillcolor="#0c9 [4]"
   stroked="f" strokecolor="black [1]">
   <v:fill color2="white [0]" o:detectmouseclick="t"/>
   <v:stroke joinstyle="miter" o:forcedash="t"/>
   <v:shadow color="gray [2]"/>
   <v:path gradientshapeok="t" o:connecttype="rect"/>
   <o:lock v:ext="edit" grouping="t"/>
   <p:placeholder type="dateTime" position="2" size="half"/>
  </v:shapetype></p:shaperange>
 <p:shaperange id="_x0000_s3077">
  <v:shapetype id="_x0000_s3077" style='position:absolute;left:246pt;top:492pt;
   width:420pt;height:36pt' coordsize="21600,21600" o:master="" o:spt="1"
   path="m0,0l0,21600,21600,21600,21600,0xe" filled="f" fillcolor="#0c9 [4]"
   stroked="f" strokecolor="black [1]">
   <v:fill color2="white [0]" o:detectmouseclick="t"/>
   <v:stroke joinstyle="miter" o:forcedash="t"/>
   <v:shadow color="gray [2]"/>
   <v:path gradientshapeok="t" o:connecttype="rect"/>
   <o:lock v:ext="edit" grouping="t"/>
   <p:placeholder type="footer" position="3" size="quarter"/>
  </v:shapetype></p:shaperange>
 <p:shaperange id="_x0000_s3078">
  <v:shapetype id="_x0000_t75" coordsize="21600,21600" o:spt="75"
   o:preferrelative="t" path="m@4@5l@4@11@9@11@9@5xe" filled="f" stroked="f">
   <v:stroke joinstyle="miter"/>
   <v:formulas>
    <v:f eqn="if lineDrawn pixelLineWidth 0"/>
    <v:f eqn="sum @0 1 0"/>
    <v:f eqn="sum 0 0 @1"/>
    <v:f eqn="prod @2 1 2"/>
    <v:f eqn="prod @3 21600 pixelWidth"/>
    <v:f eqn="prod @3 21600 pixelHeight"/>
    <v:f eqn="sum @0 0 1"/>
    <v:f eqn="prod @6 1 2"/>
    <v:f eqn="prod @7 21600 pixelWidth"/>
    <v:f eqn="sum @8 21600 0"/>
    <v:f eqn="prod @7 21600 pixelHeight"/>
    <v:f eqn="sum @10 21600 0"/>
   </v:formulas>
   <v:path o:extrusionok="f" gradientshapeok="t" o:connecttype="rect"/>
   <o:lock v:ext="edit" aspectratio="t"/>
  </v:shapetype><v:shape id="_x0000_s3078" type="#_x0000_t75" style='position:absolute;
   left:5pt;top:0;width:66pt;height:540pt;mso-wrap-style:none;v-text-anchor:middle'
   fillcolor="#0c9 [4]" strokecolor="black [1]">
   <v:fill color2="white [0]"/>
   <v:imagedata src="master04_image001.png" o:title=""/>
   <v:shadow color="gray [2]"/>
   <o:lock v:ext="edit" aspectratio="f"/>
  </v:shape></p:shaperange>
</xml>