<xml xmlns:v="urn:schemas-microsoft-com:vml"
 xmlns:o="urn:schemas-microsoft-com:office:office"
 xmlns:p="urn:schemas-microsoft-com:office:powerpoint">
 <p:presentation>
  <p:master id="4" type="main" href="master04.htm" xmlhref="master04.xml"
   template="The Semantic Web &amp; MONET" layout="title_body"
   slots="title,body,dateTime,footer,slideNumber">
   <p:schemes>
    <p:colorscheme
     colors="#FFFFFF,#000000,#808080,#000000,#00CC99,#3333CC,#CCCCFF,#B2B2B2"/>
    <p:colorscheme
     colors="#0000FF,#FFFFFF,#000000,#FFFF00,#FF9900,#00FFFF,#FF0000,#969696"/>
    <p:colorscheme
     colors="#FFFFCC,#000000,#666633,#808000,#339933,#800000,#0033CC,#FFCC66"/>
    <p:colorscheme
     colors="#FFFFFF,#000000,#333333,#000000,#DDDDDD,#808080,#4D4D4D,#EAEAEA"/>
    <p:colorscheme
     colors="#FFFFFF,#000000,#808080,#000000,#FFCC66,#0000FF,#CC00CC,#C0C0C0"/>
    <p:colorscheme
     colors="#FFFFFF,#000000,#808080,#000000,#C0C0C0,#0066FF,#FF0000,#009900"/>
    <p:colorscheme
     colors="#FFFFFF,#000000,#808080,#000000,#3399FF,#99FFCC,#CC00CC,#B2B2B2"/>
   </p:schemes>
  </p:master>
  <p:slide id="1" href="slide0001.htm" layout="title_subtitle"
   slots="centerTitle,subTitle"/>
  <p:slide id="2" href="slide0002.htm" layout="title_body" slots="title,body"/>
  <p:slide id="3" href="slide0003.htm" layout="title_body"
   slots="title,orgchart"/>
  <p:slide id="7" href="slide0007.htm" layout="title_body" slots="title,body"/>
  <p:slide id="4" href="slide0004.htm" layout="title_body" slots="title,body"/>
  <p:slide id="11" href="slide0011.htm" layout="title_body" slots="title,body"/>
  <p:slide id="6" href="slide0006.htm" layout="title_body" slots="title,body"/>
  <p:slide id="10" href="slide0010.htm" layout="title_body" slots="title,body"/>
  <p:slide id="5" href="slide0005.htm" layout="title_body" slots="title,body"/>
  <p:slide id="8" href="slide0008.htm" layout="title_body" slots="title,body"/>
  <p:slide id="9" href="slide0009.htm" layout="title_body" slots="title,body"/>
  <p:slide id="12" href="slide0012.htm" layout="title_body" slots="title,body"/>
  <p:slide id="13" href="slide0013.htm" layout="title_body" slots="title,body"/>
  <p:slide id="14" href="slide0014.htm" layout="title_body" slots="title,body"/>
  <p:slide id="15" href="slide0015.htm" layout="title_body" slots="title,body"/>
  <p:viewstate type="slideView"/>
  <p:font name="Times New Roman" charset="0" type="4"/>
  <p:font name="Courier New" charset="0" type="6" family="49"/>
  <p:font name="Wingdings" charset="2" type="6" family="2"/>
  <p:headersfooters noheader="t"/>
  <p:pptdocumentsettings framecolors="WhiteTextOnBlack" hideslideanimation="t"/>
  <p:htmlpublishsettings browsersupport="dual"
   href="C:\Documents and Settings\miked\Desktop\XMLinOMATTR.htm"
   noloadinbrowser="t"/>
 </p:presentation>
 <o:shapedefaults v:ext="edit" spidmax="19458">
  <v:stroke startarrowwidth="narrow" startarrowlength="short" endarrowwidth="narrow"
   endarrowlength="short" color2="none [0]" weight="1pt"/>
 </o:shapedefaults></xml>